{
  "drive": {
    "p": 0.000023,
    "i": 0.0000002,
    "d": 0.9,
    "f": 0,
    "iz": 0
  },
  "angle": {
    "p": 0.01,
    "i": 0.0000006,
    "d": 0.01,
    "f": 0.001,
    "iz": 0
  }
}